{
  "model": "GradientBoostingRegressor",
  "n_train": 2000,
  "n_test": 500,
  "n_features": 39,
  "test": {
    "r2": 0.448815872876863,
    "explained_variance": 0.4489960270712695,
    "mae": 0.037623448680416886,
    "median_abs_err": 0.007020977978634879,
    "rmse": 0.07251319511763968,
    "mape": 0.04739040101221508,
    "max_error": 0.2859168097862582,
    "pearson_r": 0.6927660398634687,
    "pearson_p": 1.0281524310601513e-72,
    "spearman_rho": 0.8530092838273988,
    "spearman_p": 9.517805910422343e-143
  },
  "residuals": {
    "mean": 0.0013109643430816256,
    "std": 0.07250134370244493,
    "p05": -0.16684952681667534,
    "p50": 0.0008970362021880063,
    "p95": 0.12853181485382864
  },
  "cv": {
    "r2_mean": 0.4781380614907037,
    "r2_std": 0.036118113600285946,
    "r2_folds": [
      0.5077149250378976,
      0.46122233400804635,
      0.4159178396925419,
      0.5143685970365397,
      0.4914666116784929
    ],
    "mae_mean": 0.03554372799502929,
    "mae_std": 0.0018355690741833947,
    "mae_folds": [
      0.03356291117168793,
      0.03722144019868309,
      0.033185548335576846,
      0.03616514968540269,
      0.037583590583795894
    ]
  }
}